BART_Text,BART_rephrase,BART_refine,BART_clear,BART_concise,BART_Humanize
"The city council is currently debating on whether to adopt a 10 p.m. to midnight curfew for minors. If teenagers were to be out after the hours selected, it would be considered breaking the law. Without an adults care vision many things could occur. Many minors are band killed or harmed for reasons we don't know.","The city council is debating whether to adopt a 10 p.m. to midnight curfew for minors. If teenagers were to be out after the hours selected, it would be considered breaking the law. Without an adults care vision many things could occur. Many minors are band killed or harmed for reasons we don't know.","The city council is currently debating on whether to adopt a 10 p.m. to midnight curfew for minors. If teenagers were to be out after the hours selected, it would be considered breaking the law. Without an adults care vision many things could occur. Many minors are killed or harmed for reasons we don't know.","The city council is currently debating on whether to adopt a 10 p.m. to midnight curfew for minors. If teenagers were to be out after the hours selected, it would be considered breaking the law. Without an adults care vision many things could occur. Many minors are killed or harmed for reasons we don't know.","The city council is currently debating on whether to adopt a 10 p.m. to midnight curfew for minors. If teenagers were to be out after the hours selected, it would be considered breaking the law. Without an adults care vision many things could occur. Many minors are killed or harmed for reasons we don't know.","The city council is debating whether to adopt a 10 p.m. to midnight curfew for minors. If teenagers were to be out after the hours selected, it would be considered breaking the law. Without an adults care vision many things could occur. Many minors are killed or harmed for reasons we don't know."
"Venus is the closest planet to Earth in terms of density and size, and occasionally the closest in distance too. A thick atmosphere of almost 97 percent carbon dioxide blankets Venus, with highly corrosive sulfuric acid clouds in Venus's atmosphere. Humans have sent numerous spacecraft to land on this cloud draped world.",Venus is the closest planet to Earth in terms of density and size. A thick atmosphere of almost 97 percent carbon dioxide blankets Venus. Humans have sent numerous spacecraft to land on this cloud draped world. It has highly corrosive sulfuric acid clouds in Venus's atmosphere.,Venus is the closest planet to Earth in terms of density and size. A thick atmosphere of almost 97 percent carbon dioxide blankets Venus. Humans have sent numerous spacecraft to land on this cloud draped world. It has highly corrosive sulfuric acid clouds in Venus's atmosphere.,Venus is the closest planet to Earth in terms of density and size. A thick atmosphere of almost 97 percent carbon dioxide blankets Venus. Humans have sent numerous spacecraft to land on this cloud draped world. The planet has highly corrosive sulfuric acid clouds in its atmosphere.,Venus is the closest planet to Earth in terms of density and size. A thick atmosphere of almost 97 percent carbon dioxide blankets Venus. Humans have sent numerous spacecraft to land on this cloud draped world. The planet has highly corrosive sulfuric acid clouds in its atmosphere.,Venus is the closest planet to Earth in terms of density and size. A thick atmosphere of almost 97 percent carbon dioxide blankets Venus. Humans have sent numerous spacecraft to land on this cloud draped world. It has highly corrosive sulfuric acid clouds in Venus's atmosphere.
ThP question of whether or not school should evolve from its brick and mortar style to a more accessible online platform is becoming increasingly apparent. Many believe that a student should learn in THP traditional environment of a school building. This concept is not very feasible DUP to THP vast number of overcrowded schools and THP student's distance from school.,ThP question of whether or not school should evolve from its brick and mortar style to a more accessible online platform is becoming increasingly apparent. Many believe that a student should learn in THP traditional environment of a school building. This concept is not very feasible DUP to THP vast number of overcrowded schools and THP student's distance from school.,ThP question of whether or not school should evolve from its brick and mortar style to a more accessible online platform is becoming increasingly apparent. Many believe that a student should learn in THP traditional environment of a school building. This concept is not very feasible DUP to THP vast number of overcrowded schools and THP student's distance from school.,ThP question of whether or not school should evolve from its brick and mortar style to a more accessible online platform is becoming increasingly apparent. Many believe that a student should learn in THP traditional environment of a school building. This concept is not very feasible DUP to THP vast number of overcrowded schools and THP student's distance from school.,ThP question of whether or not school should evolve from its brick and mortar style to a more accessible online platform is becoming increasingly apparent. Many believe that a student should learn in THP traditional environment of a school building. This concept is not very feasible DUP to THP vast number of overcrowded schools and THP student's distance from school.,ThP question of whether or not school should evolve from its brick and mortar style to a more accessible online platform is becoming increasingly apparent. Many believe that a student should learn in THP traditional environment of a school building. This concept is not very feasible DUP to THP vast number of overcrowded schools and THP student's distance from school.
"The electoral College is the way Us United States citizens vote. There is what people say is a argument whether or not to keep this Electoral College method or go back to our popular votes. I believe we should keep the Electoral College, without it there is no possible way to believe that every single person who voted actually paid attention to whom they voted for.","Rephrase my text: The electoral College is the way Us United States citizens vote. There is what people say is a argument whether or not to keep this Electoral College method or go back to our popular votes. I believe we should keep the Electoral College, without it there is no possible way to believe that every single person who voted actually paid attention to whom they voted for.","The electoral College is the way Us United States citizens vote. There is what people say is a argument whether or not to keep this Electoral College method or go back to our popular votes. I believe we should keep the Electoral College, without it there is no possible way to believe that every single person who voted actually paid attention to whom they voted for.","The electoral College is the way Us United States citizens vote. I believe we should keep the Electoral College, without it there is no possible way to believe that every single person who voted actually paid attention to whom they voted for. Without it, there would be no way to know who the president would be.","The electoral College is the way Us United States citizens vote. I believe we should keep the Electoral College, without it there is no possible way to believe that every single person who voted actually paid attention to whom they voted for. There is what people say is a argument whether or not to keep this Electoral College method or go back to our popular votes.","The electoral College is the way Us United States citizens vote. I believe we should keep the Electoral College, without it there is no possible way to believe that every single person who voted actually paid attention to whom they voted for. Without it, we would have to go back to our popular votes."
"This technology of you can calculate the emotions of People just by Pretty much just scanning your face is Pretty cool. This could also held in a school way by artwork like the Mona Lisa. With this technology we can now see her emotion, and with other Paintings or artwork just like this. We can now connect to the artist who made it.","This technology of you can calculate the emotions of People just by Pretty much just scanning your face is Pretty cool. This could also held in a school way by artwork like the Mona Lisa. With this technology we can now see her emotion, and with other Paintings or artwork just like this. We can now connect to the artist who made it.","This technology of you can calculate the emotions of People just by Pretty much just scanning your face is Pretty cool. This could also held in a school way by artwork like the Mona Lisa. With this technology we can now see her emotion, and with other Paintings or artwork just like this. We can now connect to the artist who made it.","This technology of you can calculate the emotions of People just by Pretty much just scanning your face is Pretty cool. This could also held in a school way by artwork like the Mona Lisa. With this technology we can now see her emotion, and with other Paintings or artwork just like this. We can now connect to the artist who made it.","This technology of you can calculate the emotions of People just by Pretty much just scanning your face is Pretty cool. This could also held in a school way by artwork like the Mona Lisa. With this technology we can now see her emotion, and with other Paintings or artwork just like this. We can now connect to the artist who made it.","This technology of you can calculate the emotions of People just by Pretty much just scanning your face is Pretty cool. This could also held in a school way by artwork like the Mona Lisa. With this technology we can now see her emotion, and with other Paintings or artwork just like this. We can now connect to the artist who made it."
"One way that this facial coding machine can also Yelp is by detecting whether someone is Happy, sad or angry. Some text evidence that supports this is ""She's 83% Happy, 9% disgusted, 6% fearful, and 2% angry."" These are just a couple things this facial recognition device can detect.","A facial coding machine can also Yelp. It can detect whether someone is Happy, sad or angry. Some text evidence that supports this is ""She's 83% Happy, 9% disgusted, 6% fearful, and 2% angry."" These are just a couple things this facial recognition device can detect.","Facial coding machine can also Yelp. It can detect whether someone is Happy, sad or angry. Some text evidence that supports this is ""She's 83% Happy, 9% disgusted, 6% fearful, and 2% angry."" These are just a couple things this facial recognition device can detect.","The facial coding machine can also Yelp. It can detect whether someone is Happy, sad or angry. Some text evidence that supports this is ""She's 83% Happy, 9% disgusted, 6% fearful, and 2% angry."" These are just a couple things this facial recognition device can detect.","Facial coding machine can also Yelp. It can detect whether someone is Happy, sad or angry. Some text evidence that supports this is ""She's 83% Happy, 9% disgusted, 6% fearful, and 2% angry."" These are just a couple things this facial recognition device can detect.","Facial coding machine can also Yelp. It can detect whether someone is Happy, sad or angry. Some text evidence that supports this is ""She's 83% Happy, 9% disgusted, 6% fearful, and 2% angry."" These are just a couple things this facial recognition device can detect."
The Face on Mars had no alien help to be formed. The reason we know this is that aliens can not create shadows. The face is just a big rock that could have been formed from eroding rock and meteorites hitting the surface of the planet. As POU can see the face does become eroded from 1976 through 2001.,The Face on Mars had no alien help to be formed. The reason we know this is that aliens can not create shadows. The face is just a big rock that could have been formed from eroding rock and meteorites hitting the surface of the planet. As POU can see the face does become eroded from 1976 through 2001.,The Face on Mars had no alien help to be formed. The reason we know this is that aliens can not create shadows. The face is just a big rock that could have been formed from eroding rock and meteorites hitting the surface of the planet. As POU can see the face does become eroded from 1976 through 2001.,The Face on Mars had no alien help to be formed. The reason we know this is that aliens can not create shadows. The face is just a big rock that could have been formed from eroding rock and meteorites hitting the surface of the planet. As POU can see the face does become eroded from 1976 through 2001.,The Face on Mars had no alien help to be formed. The reason we know this is that aliens can not create shadows. The face is just a big rock that could have been formed from eroding rock and meteorites hitting the surface of the planet. As POU can see the face does become eroded from 1976 through 2001.,The Face on Mars had no alien help to be formed. The reason we know this is that aliens can not create shadows. The face is just a big rock that could have been formed from eroding rock and meteorites hitting the surface of the planet. As POU can see the face does become eroded from 1976 through 2001.
"""The Challenge of Exploring Venus"", suggests that we study Venus despite the dangers. Venus is also the hottest surface temperature of any other planet in the solar system. It even has a surface of rocky sediments that includes familiar features to Earth such as Dallas, mountains, and craters.","Venus has the hottest surface temperature of any other planet in the solar system. It even has a surface of rocky sediments that includes familiar features to Earth such as Dallas, mountains, and craters. Rephrase my text: ""The Challenge of Exploring Venus"", suggests that we study Venus despite the dangers.","Venus has the hottest surface temperature of any other planet in the solar system. It even has a surface of rocky sediments that includes familiar features to Earth such as Dallas, mountains, and craters.Help me refine this: ""The Challenge of Exploring Venus"", suggests that we study Venus despite the dangers.","Venus has the hottest surface temperature of any other planet in the solar system. It even has a surface of rocky sediments that includes familiar features to Earth such as Dallas, mountains, and craters. ""The Challenge of Exploring Venus"", suggests that we study Venus despite the dangers.","Venus has the hottest surface temperature of any other planet in the solar system. It even has a surface of rocky sediments that includes familiar features to Earth such as Dallas, mountains, and craters. ""The Challenge of Exploring Venus"" suggests that we study Venus despite the dangers.","Humanize the text: ""The Challenge of Exploring Venus"", suggests that we study Venus despite the dangers. Venus is also the hottest surface temperature of any other planet in the solar system. It even has a surface of rocky sediments that includes familiar features to Earth such as Dallas."
"NASA's Viking 1 spacecraft was circling the planet, snappin photos of possible landing sites for its sister ship Viking 2,when it spotted the shadowy likeness of a human face. An enormous head nearly two miles from end to end seemed to be staring back at the cameras from region of Red Planet called Colonia.","An enormous head nearly two miles from end to end seemed to be staring back at the cameras from region of Red Planet called Colonia. NASA's Viking 1 spacecraft was circling the planet, snappin photos of possible landing sites for its sister ship Viking 2, when it spotted the shadowy likeness of a human face.","NASA's Viking 1 spacecraft was circling the planet, snappin photos of possible landing sites for its sister ship Viking 2,when it spotted the shadowy likeness of a human face. An enormous head nearly two miles from end to end seemed to be staring back at the cameras from region of Red Planet called Colonia.","NASA's Viking 1 spacecraft was circling the planet, snappin photos of possible landing sites for its sister ship Viking 2, when it spotted the shadowy likeness of a human face. An enormous head nearly two miles from end to end seemed to be staring back at the cameras from region of Red Planet called Colonia.","NASA's Viking 1 spacecraft was circling the planet, snappin photos of possible landing sites for its sister ship Viking 2,when it spotted the shadowy likeness of a human face. An enormous head nearly two miles from end to end seemed to be staring back at the cameras from region called Colonia.","NASA's Viking 1 spacecraft was circling the planet, snappin photos of possible landing sites for its sister ship Viking 2,when it spotted the shadowy likeness of a human face. An enormous head nearly two miles from end to end seemed to be staring back at the cameras from region of Red Planet called Colonia."
"In the article ""The Challenge of Exploring Venus"" the author suggest that Venus is worthy of being studied despite the dangers that it presents. Us humans have landed on the Moon and sent and landed covers on Mass why not try and land a Jove on Venus. The author does a good job of supporting his/he claim that we should go to and study Venus more.",Venus is worthy of being studied despite the dangers that it presents. Us humans have landed on the Moon and sent and landed covers on Mass why not try and land a Jove on Venus. The author does a good job of supporting his/he claim that we should go to and study Venus more.,"In the article ""The Challenge of Exploring Venus"" the author suggest that Venus is worthy of being studied despite the dangers that it presents. Us humans have landed on the Moon and sent and landed covers on Mass why not try and land a Jove on Venus. The author does a good job of supporting his/he claim that we should go to and study Venus more.","In the article ""The Challenge of Exploring Venus"" the author suggest that Venus is worthy of being studied. Us humans have landed on the Moon and sent and landed covers on Mass why not try and land a Jove on Venus. The author does a good job of supporting his/he claim that we should go to and study Venus more.",The author suggests that Venus is worthy of being studied despite the dangers that it presents. Us humans have landed on the Moon and sent and landed covers on Mass why not try and land a Jove on Venus. The author does a good job of supporting his/he claim that we should go to and study Venus more.,Venus is worthy of being studied despite the dangers that it presents. Us humans have landed on the Moon and sent and landed covers on Mass why not try and land a Jove on Venus. The author does a good job of supporting his/he claim that we should go to and study Venus more.
